"105.155.69.27","","Morocco","MA","Agadir","2016-06-13 00:54:57"
"105.98.194.43","","Algeria","DZ","Algiers","2016-06-13 00:54:57"
"14.207.220.81","mx-ll-14.207.220-81.dynamic.3bb.co.th","Thailand","TH","Bangkok","2016-06-13 00:54:57"
"151.233.168.147","","Iran","IR","Shiraz","2016-06-13 00:54:57"
"180.244.72.158","","Indonesia","ID","Sangereng","2016-06-13 00:54:57"
"190.204.229.161","190-204-229-161.dyn.dsl.cantv.net","Venezuela","VE","Valencia","2016-06-13 00:54:57"
"193.252.189.134","LPoitiers-656-1-230-134.w193-252.abo.wanadoo.fr","France","FR","Poitiers","2016-06-13 00:54:57"
"2.11.235.211","ARennes-252-1-108-211.w2-11.abo.wanadoo.fr","France","FR","Pleumeur-Bodou","2016-06-13 00:54:57"
"2.48.8.33","","United Arab Emirates","AE","Dubai","2016-06-13 00:54:57"
"27.3.82.246","","Vietnam","VN","Ho Chi Minh City","2016-06-13 00:54:57"
"58.8.3.231","ppp-58-8-3-231.revip2.asianet.co.th","Thailand","TH","Bangkok","2016-06-13 00:54:57"
"68.45.175.35","c-68-45-175-35.hsd1.in.comcast.net","United States","US","Fort Wayne","2016-06-13 00:54:57"
"82.100.163.62","","Syria","SY","Damascus","2016-06-13 00:54:57"
"82.225.135.198","tri59-2-82-225-135-198.fbx.proxad.net","France","FR","Villeneuve-sur-Fere","2016-06-13 00:54:57"
"89.144.146.83","","Iran","IR","Rasht","2016-06-13 00:54:57"
"103.253.75.154","","Thailand","TH","Bang Kraso Subdistrict","2016-06-13 00:54:55"
"105.101.68.126","","Algeria","DZ","Algiers","2016-06-13 00:54:55"
"110.168.4.129","ppp-110-168-4-129.revip5.asianet.co.th","Thailand","TH","Ratchaburi","2016-06-13 00:54:55"
"14.162.83.0","static.vnpt.vn","Vietnam","VN","Hanoi","2016-06-13 00:54:55"
"171.5.49.70","mx-ll-171.5.49-70.dynamic.3bb.co.th","Thailand","TH","Chiang Rai","2016-06-13 00:54:55"