"181.143.9.91","static-181-143-9-91.une.net.co","Colombia","CO","Medellín","2016-06-15 08:15:18"
"180.250.182.50","","Indonesia","ID","Denpasar","2016-06-15 08:11:23"
"180.246.210.12","","Indonesia","ID","Yogyakarta","2016-06-15 08:07:44"
"177.55.253.68","177-55-253-68.online.net.br","Brazil","BR","Carnaubal","2016-06-15 07:49:24"
"177.135.226.181","fundacaoeducacional.static.gvt.net.br","Brazil","BR","Goiânia","2016-06-15 07:33:38"
"177.128.192.134","177.128.192.134.voanettelecom.com.br","Brazil","BR","Candeias","2016-06-15 07:32:15"
"112.198.110.254","","Philippines","PH","Makati City","2016-06-15 06:42:40"
"123.30.75.115","static.vdc.vn","Vietnam","VN","Dong Xoai","2016-06-15 06:38:49"
"182.162.141.7","","Republic of Korea","KR","Seoul","2016-06-15 02:27:43"
"27.111.185.228","","Hong Kong","HK","Central District","2016-06-15 02:27:41"
"91.233.42.64","","Russia","RU","Rostov-on-Don","2016-06-15 02:27:33"
"186.67.158.43","","Chile","CL","Santiago","2016-06-15 02:26:43"
"210.101.131.231","","Republic of Korea","KR","Seoul","2016-06-15 02:25:40"
"119.147.161.55","","China","CN","Guangzhou","2016-06-15 02:25:38"
"2001:41d0:d:2292::","","France","FR","Roubaix","2016-06-15 02:25:16"
"210.101.131.232","","Republic of Korea","KR","Seoul","2016-06-15 02:25:10"
"124.206.111.158","","China","CN","Beijing","2016-06-15 02:25:00"
"202.105.179.164","","China","CN","Guangzhou","2016-06-15 02:24:42"
"181.48.87.226","","Colombia","CO","Bogotá","2016-06-15 02:24:36"
"210.91.41.60","","Republic of Korea","KR","Seoul","2016-06-15 02:24:25"
"211.110.127.210","","Republic of Korea","KR","Seoul","2016-06-15 02:24:09"
"107.151.152.210","","United States","US","Herndon","2016-06-15 02:24:07"
"107.151.152.218","esp-152-218.grotesqueyam.com","United States","US","Herndon","2016-06-15 02:23:51"
"223.68.1.38","38.1.68.223.static.js.chinamobile","China","CN","Beijing (Xicheng)","2016-06-15 02:23:50"
"218.29.111.106","hn.kd.ny.adsl","China","CN","Zhengzhou","2016-06-15 02:23:27"
"123.157.99.139","","China","CN","Hangzhou","2016-06-15 02:23:22"
"190.202.24.66","190-202-24-66.estatic.cantv.net","Venezuela","VE","Caracas","2016-06-15 02:22:48"
"14.142.4.2","14.142.4.2.static-Bangalore.vsnl.net.in","India","IN","Bengaluru","2016-06-15 02:22:23"
"119.18.152.52","voip.cahayabuana.co.id","Indonesia","ID","Bogor","2016-06-15 02:22:18"
"178.22.148.122","","France","FR","Rueil-Malmaison","2016-06-15 02:22:17"
"221.176.14.84","","China","CN","Beijing (Xicheng)","2016-06-15 02:22:16"
"185.28.193.95","95.193.28.185.gransy.com","Czech Republic","CZ","Prague (Prague 3)","2016-06-15 02:22:11"
"202.106.16.36","gj-16-036.bta.net.cn","China","CN","Beijing","2016-06-15 02:21:51"
"218.90.174.167","","China","CN","Wuxi","2016-06-15 02:21:43"
"120.52.72.23","","China","CN","Beijing","2016-06-15 02:21:40"
"123.15.35.226","hn.kd.ny.adsl","China","CN","Zhengzhou","2016-06-15 02:21:38"
"101.255.82.66","","Indonesia","ID","Jakarta","2016-06-15 02:21:34"
"113.107.57.76","","China","CN","Guangzhou","2016-06-15 02:21:13"
"114.215.150.13","","China","CN","Hangzhou","2016-06-15 02:21:06"
"117.135.251.74","","China","CN","Beijing (Xicheng)","2016-06-15 02:21:01"