"Browser","360 browser","Mozilla/5.0 (Windows NT 6.1; WOW64) AppleWebKit/537.1 (KHTML, like Gecko) Chrome/21.0.1180.89 Safari/537.1 QIHU 360SE"
"Browser","360 browser","Mozilla/5.0 (Windows NT 6.1) AppleWebKit/537.17 (KHTML, like Gecko) Chrome/24.0.1312.57 Safari/537.17 QIHU 360EE"
"Browser","360 browser","Mozilla/5.0 (Windows NT 6.1; WOW64) AppleWebKit/537.36 (KHTML, like Gecko) Chrome/42.0.2311.152 Safari/537.36 QIHU 360SE"
"Browser","360 browser","Mozilla/4.0 (compatible; MSIE 7.0; Windows NT 6.1; Trident/5.0; SLCC2; .NET CLR 2.0.50727; .NET CLR 3.5.30729; .NET CLR 3.0.30729; Media Center PC 6.0; 360SE)"
"Browser","3DS Browser","Mozilla/5.0 (Nintendo 3DS; U; ; en) Version/1.7552.EU"
"Browser","Abolimba","Mozilla/4.0 (compatible; MSIE 6.0; Windows NT 5.1; SV1; JyxoToolbar1.0; http://www.Abolimba.de; .NET CLR 2.0.50727; .NET CLR 3.0.04506.648; .NET CLR 3.5.21022; .NET CLR 1.1.4322)"
"Browser","Abolimba","Mozilla/4.0 (compatible; MSIE 6.0; Windows 98; Win 9x 4.90; http://www.Abolimba.de)"
"Browser","ABrowse","Mozilla/5.0 (compatible; U; ABrowse 0.6; Syllable) AppleWebKit/420+ (KHTML, like Gecko)"
"Browser","ABrowse","Mozilla/5.0 (compatible; ABrowse 0.4; Syllable)"
"Browser","ABrowse","Mozilla/5.0 (compatible; U; ABrowse 0.7; Syllable) AppleWebKit/420+ (KHTML, like Gecko)"
"Browser","Acoo Browser","Mozilla/4.0 (compatible; MSIE 7.0; Windows NT 5.1; Acoo Browser; InfoPath.2; .NET CLR 2.0.50727; Alexa Toolbar)"
"Browser","Acoo Browser","Mozilla/4.0 (compatible; MSIE 6.0; Windows NT 5.1; SV1; Acoo Browser; .NET CLR 1.1.4322; .NET CLR 2.0.50727)"
"Browser","Acoo Browser","Mozilla/4.0 (compatible; MSIE 7.0; Windows NT 6.0; Acoo Browser; SLCC1; .NET CLR 2.0.50727; Media Center PC 5.0; .NET CLR 3.0.04506)"
"Browser","Alienforce","Mozilla/5.0 (Windows NT 6.1; rv:8.0) Gecko/20111108 Firefox/8.0 Alienforce/8.0"
"Browser","Amaya","amaya/9.52 libwww/5.4.0"
"Browser","Amaya","amaya/11.1 libwww/5.4.0"
"Browser","Amiga Aweb","Amiga-AWeb/3.5.07 beta"
"Browser","Amiga Voyager","AmigaVoyager/3.4.4 (MorphOS/PPC native)"
"Browser","Amiga Voyager","AmigaVoyager/2.95 (compatible; MC680x0; AmigaOS)"
"Browser","Amiga Voyager","AmigaVoyager/3.2 (AmigaOS/MC680x0)"
"Browser","Amigo","Mozilla/5.0 (Windows NT 5.1) AppleWebKit/535.11 (KHTML, like Gecko) Chrome/17.0.963.47 Safari/535.11 MRCHROME"
"Browser","Amigo","Mozilla/5.0 (Windows NT 6.2; WOW64) AppleWebKit/535.11 (KHTML, like Gecko) Chrome/17.1.963.51 Safari/535.11 MRCHROME SOC"
"Browser","Amigo","Mozilla/5.0 (Windows NT 6.2; WOW64) AppleWebKit/537.36 (KHTML, like Gecko) Chrome/28.0.1501.78 Safari/537.36 MRCHROME SOC"
"Browser","ANT Fresco","Mozilla/3.04 (compatible; ANTFresco/2.13; RISC OS 4.02)"
"Browser","ANT Fresco","Mozilla/3.04 (compatible; NCBrowser/2.35; ANTFresco/2.17; RISC OS-NC 5.13 Laz1UK1309)"
"Browser","AOL Explorer","Mozilla/4.0 (compatible; MSIE 6.0; AOL 6.0; Windows NT 5.1)"
"Browser","AOL Explorer","Mozilla/4.0 (compatible; MSIE 7.0; AOL 7.0; Windows NT 5.1; FunWebProducts)"
"Browser","AOL Explorer","Mozilla/4.0 (compatible; MSIE 7.0; AOL 9.0; Windows NT 5.1; .NET CLR 1.1.4322; Zango 10.1.181.0)"
"Browser","AOL Explorer","Mozilla/4.0 (compatible; MSIE 7.0; AOL 9.5; AOLBuild 4337.35; Windows NT 5.1; .NET CLR 1.1.4322; .NET CLR 2.0.50727)"
"Browser","AOL Explorer","Mozilla/4.0 (compatible; MSIE 6.0; AOL 8.0; Windows NT 5.1; SV1)"
"Browser","AOL Explorer","Mozilla/4.0 (compatible; MSIE 8.0; AOL 9.6; AOLBuild 4340.17; Windows NT 5.1; Trident/4.0; .NET CLR 1.1.4322; .NET CLR 2.0.50727; .NET CLR 3.0.4506.2152; .NET CLR 3.5.30729)"
"Browser","AOL Explorer","Mozilla/4.0 (compatible; MSIE 7.0; AOL 9.1; AOLBuild 4334.5000; Windows NT 5.1; Media Center PC 3.0; .NET CLR 1.0.3705; .NET CLR 1.1.4322; InfoPath.1)"
"Browser","AOL Explorer","Mozilla/4.0 (compatible; MSIE 8.0; AOL 9.6; AOLBuild 4340.12; Windows NT 6.1; Trident/4.0; SLCC2; .NET CLR 2.0.50727; .NET CLR 3.5.30729; .NET CLR 3.0.30729; Media Center PC 6.0)"
"Browser","AOL Explorer","Mozilla/5.0 (AOL 9.7; AOLBuild 4343.55; Windows NT 6.2; WOW64) AppleWebKit/537.36 (KHTML, like Gecko) Chrome/42.0.2311.135 Safari/537.36 Edge/12.10240"
"Browser","AOL Explorer","Mozilla/5.0 (Windows NT 6.0) AppleWebKit/537.36 (KHTML, like Gecko) Chrome/41.0.2272.104 AOL/9.8 AOLBuild/4346.18.US Safari/537.36"
"Browser","Arachne","xChaos_Arachne/5.1.89;GPL,386+"
"Browser","Arora","Mozilla/5.0 (X11; U; Linux; C -) AppleWebKit/523.15 (KHTML, like Gecko, Safari/419.3) Arora/0.5"
"Browser","Arora","Mozilla/5.0 (Windows; U; Windows NT 5.1; zh-CN) AppleWebKit/523.15 (KHTML, like Gecko, Safari/419.3) Arora/0.3 (Change: 287 c9dfb30)"
"Browser","Arora","Mozilla/5.0 (X11; U; Linux; en-US) AppleWebKit/527+ (KHTML, like Gecko, Safari/419.3) Arora/0.6"
"Browser","Arora","Mozilla/5.0 (X11; U; Linux; de-DE) AppleWebKit/527+ (KHTML, like Gecko, Safari/419.3) Arora/0.8.0"